title, price
Spirited (2022), 10.99
Venom (2018), 12.49
Top Gun (1986), 8.99
Divergent (2014), 7.99
Tomorrowland (2015), 9.99
Iron Man (2008), 8.49
Deadpool (2016), 15.99
Guardians of the Galaxy (2014), 11.99
Spider Man 3 (2007), 9.49
Cruella (2021), 14.99
Glass (2019), 13.99
Luca (2021), 10.99
Soul (2020), 9.49
Bohemian Rhapsody (2018), 17.99
Rocketman (2018), 17.99
The Martian (2015), 7.99
Avengers: Endgame (2019), 16.49
The Greatest Showman (2017), 14.99
Maze Runner (2014), 8.49
Gone Girl (2014), 11.49